id,name,model_id:id,group_id:id,perm_read,perm_write,perm_create,perm_unlink
access_contracting_order_template_admin,access_contracting_order_template Admin,model_contracting_order_template,contracting_management.sale_contracting_manager,1,1,1,1
access_contracting_order_template_line_admin,access_contracting_order_template_line Admin,model_contracting_order_template_line,contracting_management.sale_contracting_manager,1,1,1,1
access_contracting_order_template_user,access_contracting_order_template User,model_contracting_order_template,contracting_management.sale_contracting_user,1,1,1,0
access_contracting_order_template_line_user,access_contracting_order_template_line User,model_contracting_order_template_line,contracting_management.sale_contracting_user,1,1,1,0
access_contracting_order_stage_user,access_contracting_order_stage User,model_contracting_order_stage,contracting_management.sale_contracting_user,1,0,0,0
access_contracting_order_admin,access_contracting_order Admin,model_contracting_order,contracting_management.sale_contracting_manager,1,1,1,1
access_contracting_order_user,access_contracting_order User,model_contracting_order,contracting_management.sale_contracting_user,1,1,1,0
access_contracting_order_line_user,access_contracting_order_line user,model_contracting_order_line,contracting_management.sale_contracting_user,1,1,1,1
access_contracting_order_sub_user,access_contracting_order_sub User,model_contracting_order_sub,contracting_management.sale_contracting_user,1,1,1,0
access_contracting_order_sub_task_user,access_contracting_order_sub_task User,model_contracting_order_sub_task,contracting_management.sale_contracting_user,1,1,1,1
access_contracting_payment_order,access_contracting_payment_order,model_contracting_payment_order,contracting_management.sale_contracting_user,1,1,1,1
access_contracting_down_payment_order,access_contracting_down_payment_order,model_contracting_down_payment_order,contracting_management.sale_contracting_user,1,1,1,1
access_contracting_variation_reason_admin,access_contracting_variation_reason Admin,model_contracting_variation_reason,contracting_management.sale_contracting_manager,1,1,1,1
access_contracting_variation_reason_user,access_contracting_variation_reason user,model_contracting_variation_reason,contracting_management.sale_contracting_user,1,0,0,0
access_contracting_variation_admin,access_sale_contracting_variation Admin,model_contracting_variation_order,contracting_management.sale_contracting_manager,1,1,1,1
access_contracting_variation_user,access_sale_contracting_variation user,model_contracting_variation_order,contracting_management.sale_contracting_user,1,1,1,0
access_contracting_variation_line_user,access_contracting_variation_line,contracting_management.model_contracting_variation_line,contracting_management.sale_contracting_user,1,1,1,0
access_contracting_order_report,access_contracting_order_report,model_contracting_order_report,contracting_management.sale_contracting_manager,1,0,0,0
access_contracting_clearance_user,access_contracting_clearance,contracting_management.model_contracting_clearance,contracting_management.sale_contracting_user,1,1,1,1
access_contracting_clearance_line_user,access_contracting_clearance_line,contracting_management.model_contracting_clearance_line,contracting_management.sale_contracting_user,1,1,1,1
access_subcontracting_report,access_subcontracting_report,contracting_management.model_subcontracting_report,contracting_management.sale_contracting_manager,1,0,0,0
access_contracting_project_delete_confirm,access_contracting_project_delete_confirm,model_contracting_project_delete_confirm,contracting_management.sale_contracting_user,1,1,1,1
